Modality,Image,Method,MSE,PSNR,SSIM
X-Ray,xray_01.png,HE,131.89253364090735,26.92860149781992,0.9736587171531889
X-Ray,xray_01.png,CLAHE,659.9069127258747,19.935976831150043,0.8309119871643141
X-Ray,xray_01.png,Hybrid HE-CLAHE,561.9533717800846,20.633800794958724,0.8421540731130934
X-Ray,xray_01.png,Adaptive Hybrid,341.27444828911956,22.79976587627218,0.8735800617772052
X-Ray,xray_02.png,HE,220.65894655901576,24.693588203720573,0.9205644526053726
X-Ray,xray_02.png,CLAHE,465.3773933102653,21.45275078176473,0.8447429022958077
X-Ray,xray_02.png,Hybrid HE-CLAHE,385.1749788542868,22.27422293470591,0.8291885814524103
X-Ray,xray_02.png,Adaptive Hybrid,274.2366935793925,23.74954796800715,0.848450472694781
X-Ray,xray_03.png,HE,93.62800461361014,28.416745930049977,0.9136887659625104
X-Ray,xray_03.png,CLAHE,499.9351480199923,21.141666898994167,0.8284889165733296
X-Ray,xray_03.png,Hybrid HE-CLAHE,530.6099346405229,20.88304983824752,0.7938589955210655
X-Ray,xray_03.png,Adaptive Hybrid,370.01896193771626,22.448563804390066,0.822253985810153
CT,ct_01.png,HE,654.2862591311034,19.973125612270465,0.7117888043400289
CT,ct_01.png,CLAHE,246.7837293348712,24.207638379743702,0.8131639914768203
CT,ct_01.png,Hybrid HE-CLAHE,785.562214532872,19.178997751095412,0.6106997038183389
CT,ct_01.png,Adaptive Hybrid,934.5889580930411,18.424597152170545,0.6960606148609417
CT,ct_02.png,HE,625.0719108035371,20.17150377653984,0.7689618812656812
CT,ct_02.png,CLAHE,198.2634063821607,25.158377973073208,0.8344392096022766
CT,ct_02.png,Hybrid HE-CLAHE,393.6726028450596,22.179451692100894,0.6841860916829305
CT,ct_02.png,Adaptive Hybrid,369.24553633217994,22.45765106871792,0.7783166201037928
CT,ct_03.png,HE,536.6294502114571,20.83405857807128,0.7662438438896828
CT,ct_03.png,CLAHE,195.74159169550174,25.213972453546635,0.8259629517637425
CT,ct_03.png,Hybrid HE-CLAHE,523.199354094579,20.94413161701037,0.6737562265456204
CT,ct_03.png,Adaptive Hybrid,615.3043137254901,20.239904010527408,0.7594241639001617
MRI,mri_01.png,HE,207.03858515955403,24.97029069709182,0.9686277946806607
MRI,mri_01.png,CLAHE,233.66577470203768,24.444852554357034,0.5949865455875718
MRI,mri_01.png,Hybrid HE-CLAHE,313.11384851980006,23.173780846827178,0.5850851960447393
MRI,mri_01.png,Adaptive Hybrid,319.65930026912724,23.083930164127313,0.9638025227726553
MRI,mri_02.png,HE,1641.7106189926951,15.97783753547562,0.8558038672697107
MRI,mri_02.png,CLAHE,500.5421914648212,21.136396701653105,0.6806352172006623
MRI,mri_02.png,Hybrid HE-CLAHE,1305.2647904652056,16.973817377968558,0.6124360143201736
MRI,mri_02.png,Adaptive Hybrid,1375.8522568242984,16.745085603193534,0.8569175346730038
MRI,mri_03.png,HE,405.99907727797,22.045553143191434,0.9505940919239259
MRI,mri_03.png,CLAHE,240.4162091503268,24.32116615893154,0.6979399887651814
MRI,mri_03.png,Hybrid HE-CLAHE,365.5138023836986,22.501765796126115,0.6816545395286898
MRI,mri_03.png,Adaptive Hybrid,366.117970011534,22.49459315173162,0.9472085098018104
